<?xml version="1.0" encoding="UTF-8" standalone="yes"?>
<addon id="plugin.video.titan.x-codes" name="[COLOR yellow]TITAN-[COLOR chocolate]X[/COLOR][COLORwhite]-[/COLOR][COLORgold]Codes[/COLOR]" version="2.6" provider-name="[COLOR red]TI[/COLOR][COLORdarkgrey]Tan[/COLOR]">	
<requires>
		<import addon="script.module.requests" version="2.27.1"/>
	</requires>
  <extension point="xbmc.python.pluginsource"
			library="default.py">
		<provides>video</provides>
  </extension>
  <extension point="xbmc.addon.metadata">
		<summary>Fernsehsender, Sport und mehr ...</summary>
		<description lang="en">[COLOR red]Titan.X[/COLOR] [COLORorange]Codes[/COLOR] [COLORorange]ist ein Addon aus der TITAN-Familie. ALLE LINKS SIND IM INTERNET VERFÜGBAR![/COLOR]</description>
		<platform>all</platform>
		<assets>
       <icon>icon.png</icon>
       <fanart>fanart.jpg</fanart>
       <screenshot>resources/screenshots/1.jpg</screenshot>
       <screenshot>resources/screenshots/2.jpg</screenshot>
       <screenshot>resources/screenshots/3.jpg</screenshot>
    </assets>
  </extension>
</addon>
