<?xml version="0.1" encoding="UTF-8"?>
<addon id="plugin.video.titan.portal" name="[COLOR orange]TiTan[COLOR yellow] Portal[/COLOR]" version="1.0.4" provider-name="[COLOR red]Ti[/COLOR][COLORdarkgrey]Tan[/COLOR]">
<requires>    		
    	<!--<import addon="script.module.resolveurl" /> -->
        <import addon="script.module.requests"/>	
        <import addon="script.module.six"/>
        
        <import addon="script.module.web-pdb" />
	
  </requires>
	<extension point="xbmc.python.pluginsource" library="default.py">
		<provides>video</provides>
	</extension>
	<extension point="xbmc.addon.metadata">
        <platform>all</platform>
		<summary lang="en">[COLOR gold]Nur das Beste!!![/COLOR] </summary>
	<platform>all</platform>
		<description lang="en">[COLOR orange]TiTan[/COLOR][COLOR red] Portal[/COLOR] ist ein Addon von [COLOR lime]Titan Builds Team.[/COLOR] Das Titan Portal Addon ist ein exklusives Tool, das für persönliche Nutzung entwickelt wurde.[COLOR red] Bitte teilt dieses Addon nicht mit anderen, um die Integrität und Funktionalität zu gewährleisten. Euer Verständnis und eure Rücksichtnahme sind sehr geschätzt. Vielen Dank![/COLOR]</description>
	<assets>
		<icon>icon.png</icon>
	   <fanart>fanart.jpg</fanart>
	   <media>resources/medias/home.jpg</media>
	   <media>resources/medias/movies.jpg</media>
	   <media>resources/medias/series.jpg</media>
	</assets>
  </extension>
</addon>

