<?xml version="1.0" encoding="UTF-8" standalone="yes"?>
<addon id="repository.eragon" name="[COLORred]E[COLORblue]ra[COLORyellow]gon[/COLOR]" version="2.4" provider-name="[COLOR red]Era[COLORgold]gon[/COLOR]">
  <requires>
    <import addon="xbmc.addon" version="12.0.0"/>  
  </requires>
  <extension point="xbmc.addon.repository" name="[COLORred]E[COLORblue]ra[COLORyellow]gon[/COLOR]">
    <dir>
    <info compressed="true">https://raw.github.com/eragon-09/eragon-09.github.io/master/addons.xml</info>
    <checksum>https://raw.github.com/eragon-09/eragon-09.github.io/master/addons.xml.md5</checksum>
    <datadir zip="true">https://raw.github.com/eragon-09/eragon-09.github.io/master</datadir>
    <hashes>false</hashes>
</dir>
<dir minversion="29.9.9">
      <info compressed="true">https://raw.github.com/eragon-09/eragon-09.github.io/master/piers/addons.xml</info>
      <checksum>https://raw.github.com/eragon-09/eragon-09.github.io/master/piers/addons.xml.md5</checksum>
      <datadir zip="true">https://raw.github.com/eragon-09/eragon-09.github.io/master/piers</datadir>
      <hashes>false</hashes>
  </dir>
  </extension>
  <extension point="xbmc.addon.metadata">
    <summary lang="de">Eragon Repository</summary>
  <description lang="de">
    Bitte stellen Sie dieses Repository nicht ins Internet. Vielen Dank für Ihr Verständnis und Ihre Rücksichtnahme.
  </description>
  <disclaimer lang="de">Bitte, die Repo nicht veröffentlichen.</disclaimer>
  <assets>
    <icon>icon.png</icon>
    <fanart>fanart.jpg</fanart>
  </assets>
 </extension>
</addon>