<?xml version="1.0" encoding="UTF-8"?>
<addon id="plugin.video.filmfriend" name="Filmfriend.de" version="1.0.0" provider-name="sarbes">
    <requires>
		<import addon="xbmc.python" version="3.0.0"/>
		<import addon="script.module.libmediathek4" version="1.0.0"/>
		<import addon="script.module.requests" version="2.19.1"/>
		<import addon="inputstream.adaptive" version="2.5.4"/>
    </requires>
    <extension point="xbmc.python.pluginsource" library="default.py">
        <provides>video</provides>
    </extension>
    <extension point="xbmc.addon.metadata">
        <platform>all</platform>
		<language>en de fr</language>
		<license>GPL-2.0-only</license>
        <forum>https://forum.kodi.tv/showthread.php?tid=353903</forum>
		<source>https://github.com/sarbes/plugin.video.filmfriend</source>
        <website>https://www.filmfriend.de/</website>
        <summary lang="en_GB">This video add-on provides access to shows and movies of Filmfriend.de.</summary>
        <description lang="en_GB">This video add-on provides access to shows and movies of Filmfriend.de. A valid library account is reqired in order to use this add-on.</description>
        <summary lang="de_DE">Dieses Add-on bietet Zugriff auf Filme und Serien von Filmfriend.de.</summary>
        <description lang="de_DE">Dieses Add-on bietet Zugriff auf Filme und Serien von Filmfriend.de. Ein Bibliotheksaccount ist zur Nutzung dieses Dienstes nötig.</description>
        <disclaimer lang="de_DE">Dieses Add-on ist inoffiziell.</disclaimer>
        <assets>
            <icon>resources/icon.png</icon>
            <fanart>resources/fanart.png</fanart>
        </assets>
    </extension>
</addon>
