<?xml version="1.0" encoding="UTF-8" standalone="yes"?>
<addon id="plugin.audio.mp3streams"
       name="[COLOR antiquewhite]MP3 Streams[/COLOR]"
	   version="1.8.1"
	   provider-name="[COLOR blue]Bugatsinho | TBFAM[/COLOR]">
    <requires>
		<!--import addon="xbmc.python" version="3.0.0"/-->
        <import addon="script.module.future"/>
        <import addon="script.module.mutagen"/>
        <import addon="script.module.requests"/>
    </requires>
    <extension point="xbmc.python.pluginsource" library="default.py">
        <provides>audio</provides>
    </extension>
    <extension point="xbmc.service" library="playerMP3.py" start="startup" />
    <extension point="xbmc.addon.metadata">
        <platform>all</platform>
        <summary>Audio Collection.</summary>
        <description>MP3 Audio Stream Collection

Browse, stream or download
your favourite song, album or artist.

Neuer Ordner "itsche und so"
unter "Favourites Albums".

See Changelog!
Python 2 und Python 3

KUDOS:
- Bugatsinho
		</description>
        <news></news>
        <assets>
            <icon>art/icon.png</icon>
            <fanart>art/fanart.jpg</fanart>
        </assets>
    </extension>
</addon>
