<?xml version="1.0" encoding="UTF-8" standalone="yes"?>
<addon id="script.xstream.settings.saver" name="xStream Settings Saver" version="21.2" provider-name="mr.Python">
  <requires>
    <import addon="xbmc.python" version="3.0.1"/>
  </requires>
  <extension point="xbmc.python.script" library="default.py" />
  <extension point="xbmc.addon.metadata">
    <summary lang="en"></summary>
	<summary lang="de"></summary>
    <description lang="en"></description>
	<description lang="de">Speicher deine xStream Einstellungen und stelle diese wieder her...</description>
    <license>The MIT License</license>
    <platform>all</platform>
		<assets>
            <icon>icon.jpg</icon>
            <fanart>fanart.jpg</fanart>
		</assets>
    <language></language>
  </extension>
</addon>
