<?xml version="1.0" encoding="UTF-8" standalone="yes"?>
<addon id="plugin.program.titansimpel" name="[COLOR orange]TITAN [COLOR red]BUILDS NO LIMITS[/COLOR][COLORsnow] Simple Wizard[/COLOR]" version="3.0.9" provider-name="[COLOR red]Ti[/COLOR][COLORdarkgrey]Tan[/COLOR]">
	<requires>
		<import addon="xbmc.python" version="3.0.0"/>
	</requires>
	<extension point="xbmc.python.pluginsource" library="addon.py">
		<provides>executable</provides>
	</extension>
	<extension point="xbmc.service" library="service.py" />
	<extension point="xbmc.addon.metadata">
		<summary lang="de">Titan Builds Simple Wizard</summary>
		<description lang="de">[COLOR blue]Der [COLOR orange][B]TiTan[/COLOR] [COLOR red] Simple Wizard[/B][COLOR blue] ist ein spezialisierter Wizard für Kodi, der euch eine einfache und unkomplizierte Möglichkeit bietet, schnell verschiedene Builds zu installieren. Damit wird die Nutzung von Kodi noch benutzerfreundlicher und effizienter.[/COLOR]</description>
		<disclaimer lang="en_GB"></disclaimer>
		<language>en</language>
		<platform>all</platform>
		<license>GPL-2.0-or-later</license>
		<forum></forum>
		<website></website> 
		<email></email>
		<source></source>
		<news></news>
		<assets>
				<icon>resources/icon.png</icon>
				<fanart>resources/fanart.jpg</fanart>
				<banner></banner>
				<clearlogo></clearlogo>
				<screenshot></screenshot>
		</assets>
	</extension>
</addon>