<?xml version="1.0" encoding="UTF-8" standalone="yes"?>
<addon id="plugin.video.titan.tv" name="[COLOR orange]Titan[/COLOR]" version="0.4" provider-name="[COLORyellow ]Titan[/COLOR]">
	<requires>
		<import addon="xbmc.python" version="3.0.1"/>
		<import addon="script.module.requests" version="2.27.1"/>
	</requires>
	<extension point="xbmc.python.pluginsource" library="addon_entry.py">
		<provides>video</provides>
	</extension>
	<extension point="xbmc.service" library="service_entry.py"/>
	<extension point="xbmc.addon.metadata">
		<reuselanguageinvoker>true</reuselanguageinvoker>
		<platform>all</platform>
		<summary lang="en_GB">[COLORorange ]Titan[/COLOR]</summary>
		<description lang="en_GB">[COLORskyblue]Titan für den Zugriff auf Videos und Vod-Demand-Kanäle und -Serien[/COLOR]</description>
		<license>GPL-3.0-or-later</license>
		<language>en</language>
		<assets>
		<icon>resources/media/icon.png</icon>
		<icon>icon.png</icon>
        <fanart>fanart.jpg</fanart>
			<screenshot>resources/media/screenshot_1.png</screenshot>
			<screenshot>resources/media/screenshot_2.png</screenshot>
			<screenshot>resources/media/screenshot_3.png</screenshot>
			<screenshot>resources/media/screenshot_4.png</screenshot>
		</assets>
		<news>
 Hauptversionsveröffentlichung mit Umgestaltung der Menüoptionen.   Portalunterstützung mit separater Menüoption für Serien.
  Wenn Sie die Kodi-Option „Zu Favoriten hinzufügen“ verwenden, wird der vorhandene Favoriten-Link unterbrochen.
  Möglichkeit, die Portal-Favoritenoption für VOD und TV-Kanäle zu verwenden
  Fügen Sie Unterstützung für das UpNext-Add-on hinzu.
		</news>
	</extension>
</addon>
