<?xml version="1.0" encoding="UTF-8" standalone="yes"?>
<addon id="plugin.video.nebelkindmusic"
	name="[B][COLOR skyblue]Nebelkind[/COLOR][COLOR gold] Musik[/COLOR][/B]"
	version="3.0.1"
	provider-name="Team Titan Nebelkind,mr-evil1">
  <requires>
    <import addon="xbmc.python" version="3.0.0"/>
    <import addon="plugin.video.youtube" version="7.1.1.6"/>
  </requires>
  <extension point="xbmc.python.pluginsource" library="default.py">
    <provides>video</provides>
  </extension>
  <extension point="xbmc.addon.metadata">
    <summary lang="de">[COLOR skyblue]Musik[/COLOR][COLOR gold]Tube[/COLOR]</summary>
    <description lang="de">Meine eigene Musiksammlung. Alle Playlisten sind auf Youtube verfügbar. und wird mit kommenden Updates erweitert!</description>
    <platform>all</platform>
    <forum></forum>
    <source></source>
    <website></website>
    <email></email>
    <license></license>
    <assets>
        <icon>icon.png</icon>
        <fanart>fanart.jpg</fanart>
        <screenshot></screenshot>      
    </assets>
    <news></news>
  </extension>
</addon>
